country,spatial_democracy,pop_prop,region,pop_prop_log,rep_type
Albania,0.6,23275.47857142857,Europe,10.055155663541983,Moderate
Albania,0.8,20426.76129032258,Europe,9.924601148094768,Moderate
Albania,0.8,21972.564285714285,Europe,9.99754987616961,Moderate
Albania,0.8,20919.442857142858,Europe,9.948434285756479,Moderate
Albania,0.8,20704.514285714286,Europe,9.938107036912633,Moderate
Albania,0.8,20513.957142857143,Europe,9.928860769699586,Moderate
Anguilla,1,598.9090909090909,Americas,6.395109818499161,High
Anguilla,1,632.2727272727273,Americas,6.449320831559173,High
Anguilla,1,763.5454545454545,Americas,6.637972657327256,High
Anguilla,1,883.0909090909091,Americas,6.783428150107319,High
Anguilla,1,1016.0909090909091,Americas,6.923718101587241,High
Anguilla,1,1115.1818181818182,Americas,7.0167727362343815,High
Anguilla,1,1213.1818181818182,Americas,7.101001789040254,High
Anguilla,1,1291.8181818181818,Americas,7.163805948292776,High
Anguilla,1,1349.3636363636363,Americas,7.207388379826394,High
Antigua and Barbuda,1,3359.9473684210525,Americas,8.119680588674164,Moderate
Antigua and Barbuda,1,3395.4210526315787,Americas,8.13018305369647,Moderate
Antigua and Barbuda,1,1794.1944444444443,Americas,7.492311422723357,High
Antigua and Barbuda,1,1751.8333333333333,Americas,7.468418137595299,High
Antigua and Barbuda,1,1894.138888888889,Americas,7.54651960204418,High
Antigua and Barbuda,1,2080.8888888888887,Americas,7.640550431834527,High
Antigua and Barbuda,1,2211.4166666666665,Americas,7.701388614783648,High
Antigua and Barbuda,1,2370,Americas,7.7706452341291765,High
Antigua and Barbuda,1,2483.5833333333335,Americas,7.817457688779436,High
Antigua and Barbuda,1,2551.277777777778,Americas,7.844349601973759,High
Argentina,0.6,83928.38116591929,Americas,11.33771910898331,Low
Argentina,0.6,79632.98828125,Americas,11.285183711625729,Low
Argentina,0.4,84722.71647509579,Americas,11.347139043914877,Low
Argentina,0,82929.83012820513,Americas,11.325750109067474,Low
Argentina,0.6,101121.47,Americas,11.524077746458564,Low
Argentina,1,109186.33666666667,Americas,11.600811212364396,Low
Argentina,1,106595.80547112462,Americas,11.576799441638821,Low
Argentina,1,113112.41337386018,Americas,11.63613741181854,Low
Argentina,1,119199.96656534955,Americas,11.688557753121312,Low
Argentina,1,125497.55015197568,Americas,11.740041516662055,Low
Argentina,1,132148.9726443769,Americas,11.791685145839347,Low
Argentina,0.8,137361.59574468085,Americas,11.830372112748206,Low
Armenia,0.25,23859.75572519084,Asia,10.07994845776173,Moderate
Armenia,0.5,22949.24427480916,Asia,10.041040285744298,Moderate
Armenia,0.5,22374.641221374044,Asia,10.015683508215572,Moderate
Armenia,0.5,22299.06106870229,Asia,10.012299852019291,Moderate
Armenia,0.25,22067.87786259542,Asia,10.001878339783723,Moderate
Aruba,1,2807.1428571428573,Americas,7.939922468242094,High
Aruba,1,2895.8571428571427,Americas,7.971036423164971,High
Aruba,1,2954.2380952380954,Americas,7.990996060804005,High
Aruba,1,3031.4761904761904,Americas,8.01680497144043,Moderate
Aruba,1,3068.2380952380954,Americas,8.028858765485765,Moderate
Aruba,1,3615.1428571428573,Americas,8.192886651693895,Moderate
Aruba,0.6666666666666666,4226.714285714285,Americas,8.34918020559583,Moderate
Aruba,1,4487.142857142857,Americas,8.408971443477379,Moderate
Aruba,1,4767.333333333333,Americas,8.46954237794023,Moderate
Aruba,1,4961.142857142857,Americas,8.509391407924117,Moderate
Aruba,0.6666666666666666,5114.285714285715,Americas,8.539793023333479,Moderate
Australia,0.3333333333333333,50857.35359116022,Oceania,10.836780004416678,Moderate
Australia,0.3333333333333333,56487.98351648352,Oceania,10.94178321339051,Moderate
Australia,0.6666666666666666,62403.71978021978,Oceania,11.041380164443298,Low
Australia,0.6666666666666666,68104.92432432433,Oceania,11.128804799719006,Low
Australia,0.6666666666666666,74299.4064171123,Oceania,11.215858241671413,Low
Australia,0.6666666666666666,78305.03723404255,Oceania,11.268367212400614,Low
Australia,0.6666666666666666,70695.29910714286,Oceania,11.166134358968867,Low
Australia,0.6666666666666666,76456.6875,Oceania,11.244479683005618,Low
Australia,0.6666666666666666,81145.0403587444,Oceania,11.303993454115616,Low
Australia,1,85412.81696428571,Oceania,11.355251450064566,Low
Australia,1,89798.62831858407,Oceania,11.405324979324899,Low
Australia,1,97971.59734513274,Oceania,11.492432892637055,Low
Australia,1,105964.61061946902,Oceania,11.570860455269372,Low
Australia,1,113910.5796460177,Oceania,11.643169030512542,Low
Austria,0.42857142857142855,30737.411504424777,Europe,10.333235807445062,Moderate
Austria,0.42857142857142855,31182.62831858407,Europe,10.347616434074668,Moderate
Austria,0.42857142857142855,32169.977876106193,Europe,10.378788932514658,Moderate
Austria,0.42857142857142855,33036.80973451328,Europe,10.405377665300806,Moderate
Austria,0.42857142857142855,31056.680327868853,Europe,10.343569211656124,Moderate
Austria,0.42857142857142855,30936.090163934427,Europe,10.339678747813997,Moderate
Austria,0.42857142857142855,31001.266393442624,Europe,10.341783334034263,Moderate
Austria,0.8571428571428571,31473.868852459018,Europe,10.356912920298821,Moderate
Austria,1,32583.286885245903,Europe,10.391554763661736,Moderate
Austria,1,32839.86885245902,Europe,10.399398570027909,Moderate
Austria,1,33726.24590163935,Europe,10.426031623362872,Moderate
Austria,1,34283.16393442623,Europe,10.442409665256195,Moderate
Austria,1,35426.389344262294,Europe,10.475212283105627,Moderate
Austria,0.8571428571428571,36563.13524590164,Europe,10.506795778070165,Moderate
Bahamas,0.6666666666666666,3082.3333333333335,Americas,8.033442164909529,Moderate
Bahamas,0.6666666666666666,3490.2264150943397,Americas,8.157721888477354,Moderate
Bahamas,0.6666666666666666,3886.777777777778,Americas,8.265335758592188,Moderate
Bahamas,0.6666666666666666,4306.037037037037,Americas,8.367773279149983,Moderate
Bahamas,0.6666666666666666,4290.745762711865,Americas,8.364215834276054,Moderate
Bahamas,0.6666666666666666,4245.307692307692,Americas,8.353569579583358,Moderate
Bahamas,0.6666666666666666,4637.861538461539,Americas,8.442008663653057,Moderate
Bahamas,0.6666666666666666,5782.767857142857,Americas,8.66263771506352,Moderate
Bahamas,0.6666666666666666,6140.964285714285,Americas,8.72273705860076,Moderate
Bahamas,0.3333333333333333,6446.982456140351,Americas,8.771367464062983,Moderate
Bahamas,0.6666666666666666,7136.037037037037,Americas,8.872912864414122,Moderate
Bangladesh,0.5,338283.9909090909,Asia,12.73164103147671,Low
Bangladesh,0.5,371516.2727272727,Asia,12.82534794494584,Low
Bangladesh,0.5,407710.01212121214,Asia,12.918311446075624,Low
Bangladesh,0.5,438532.6848484849,Asia,12.99118962586944,Low
Barbados,1,6202.5,Americas,8.732707715565956,Moderate
Barbados,1,6413.694444444444,Americas,8.766190740272753,Moderate
Barbados,1,5387.044444444445,Americas,8.591752172961044,Moderate
Barbados,1,5541.933333333333,Americas,8.620098695998953,Moderate
Barbados,1,5581.666666666667,Americas,8.627242696560195,Moderate
Barbados,0.6666666666666666,5589.422222222222,Americas,8.628631201634091,Moderate
Barbados,1,5329.583333333333,Americas,8.581028340245494,Moderate
Barbados,1,5387.125,Americas,8.591767126420978,Moderate
Barbados,1,5347.734693877551,Americas,8.584428328516639,Moderate
Barbados,1,5348.224489795918,Americas,8.58451991374248,Moderate
Barbados,1,5268.745098039216,Americas,8.569547491365716,Moderate
Barbados,1,5396.921568627451,Americas,8.59358399011124,Moderate
Barbados,1,5470.392156862745,Americas,8.60710558514292,Moderate
Barbados,1,5523.490196078431,Americas,8.616765221363426,Moderate
Belgium,1,27784.569182389936,Europe,10.232236080191255,Moderate
Belgium,1,28623.17924528302,Europe,10.261972131681835,Moderate
Belgium,1,29559.30188679245,Europe,10.294153757962974,Moderate
Belgium,1,30284.603773584906,Europe,10.318394736073225,Moderate
Belgium,1,30655.584905660377,Europe,10.330570140284225,Moderate
Belgium,1,30921.67610062893,Europe,10.339212708885118,Moderate
Belgium,1,31070.24213836478,Europe,10.344005795673905,Moderate
Belgium,1,31422.611987381704,Europe,10.355283039716,Moderate
Belgium,1,45869.97737556561,Europe,10.733566094361656,Moderate
Belgium,1,46387.85972850679,Europe,10.744793060197459,Moderate
Belgium,1,47415.77375565611,Europe,10.766710231979491,Moderate
Belgium,1,49486.99547511312,Europe,10.809465196365965,Moderate
Belgium,1,53692.07142857143,Europe,10.891020623945826,Moderate
Belgium,1,54952.89047619048,Europe,10.914231560380827,Moderate
Belize,0,6142.7692307692305,Americas,8.723030934247854,Moderate
Belize,0.6666666666666666,7024.461538461538,Americas,8.857153841934919,Moderate
Belize,0,5815.277777777777,Americas,8.668243832991179,Moderate
Belize,0.3333333333333333,6707.555555555556,Americas,8.810989864867873,Moderate
Belize,0.3333333333333333,7243.722222222223,Americas,8.887890472357288,Moderate
Belize,0.3333333333333333,8059,Americas,8.994544758324512,Moderate
Belize,0.3333333333333333,3995.0243902439024,Americas,8.292804963374204,Moderate
Belize,0.6666666666666666,4465.268292682927,Americas,8.404084579452295,Moderate
Belize,0.6666666666666666,4860.619047619048,Americas,8.488921084836202,Moderate
Belize,1,5733.309523809524,Americas,8.654048221300892,Moderate
Belize,1,6660.261904761905,Americas,8.803914087800552,Moderate
Belize,1,7278.295454545455,Americas,8.89265197291634,Moderate
Belize,1,8098.477272727273,Americas,8.99943133196668,Moderate
Belize,0.6666666666666666,8882.09090909091,Americas,9.09179227100468,Moderate
Benin,0,47072.92,Africa,10.759453167737705,Moderate
Benin,0.25,75021.36144578313,Africa,11.225528171242246,Low
Benin,0.5,87007.4578313253,Africa,11.373749116161925,Low
Benin,0.5,101519.80722891567,Africa,11.528009203538119,Low
Benin,0.25,118041.97590361445,Africa,11.678795568188331,Low
Benin,0.5,136875.6746987952,Africa,11.82682830884702,Low
Benin,0.5,157471.9156626506,Africa,11.967002408095114,Low
Bermuda,1,1009.8085106382979,Americas,6.917515998432772,High
Bermuda,1,1109.0212765957447,Americas,7.011233172554738,High
Bermuda,1,1130.404255319149,Americas,7.030330595799847,High
Bermuda,1,1141.9787234042553,Americas,7.040517759047874,High
Bermuda,1,1181.8510638297873,Americas,7.074837186498834,High
Bermuda,1,1224.659574468085,Americas,7.110418185964513,High
Bermuda,1,1266.5106382978724,Americas,7.144020869167899,High
Bermuda,1,1309.5744680851064,Americas,7.177457529902541,High
Bermuda,1,1334.276595744681,Americas,7.196144548119894,High
Bermuda,1,1355.8510638297873,Americas,7.212184627534258,High
Bermuda,1,1350.2978723404256,Americas,7.208080493271781,High
Bermuda,1,1369.8297872340424,Americas,7.222441768208523,High
Bhutan,0.5,9744.888888888889,Asia,9.184498210018157,Moderate
Bhutan,0.5,10286.361111111111,Asia,9.23857413276812,Moderate
Bhutan,0.5,10694.527777777777,Asia,9.277487466991245,Moderate
Bolivia,0.6,40867.420382165605,Americas,10.61808845692907,Moderate
Bolivia,0.8,45414.91719745223,Americas,10.72359590269238,Moderate
Bolivia,0.8,50157.171974522294,Americas,10.82291679362413,Moderate
Bolivia,0.8,54817.36305732484,Americas,10.911762266863379,Moderate
Bolivia,1,59622.63694267516,Americas,10.995790595416597,Moderate
Bolivia,1,64855.700636942674,Americas,11.079920090845595,Low
Bolivia,1,66353.64457831325,Americas,11.102753967842032,Low
Botswana,0,18537.548387096773,Africa,9.827553596670523,Moderate
Botswana,0,12833.347826086956,Africa,9.459802360912605,Moderate
Botswana,0,14125.098039215687,Africa,9.555708496819983,Moderate
Botswana,0,18382.058823529413,Africa,9.819130403974375,Moderate
Botswana,0,21168.77358490566,Africa,9.960282430703314,Moderate
Botswana,0,24635.77358490566,Africa,10.111954876348468,Moderate
Botswana,0.3333333333333333,25404,Africa,10.142661920922865,Moderate
Botswana,0,28430.20338983051,Africa,10.255207358676104,Moderate
Botswana,0,23588.166666666668,Africa,10.068500452835075,Moderate
Botswana,0,20746.030612244896,Africa,9.940110211564043,Moderate
Botswana,0.3333333333333333,22482.377551020407,Africa,10.02048706136087,Moderate
Botswana,0.3333333333333333,24141.775510204083,Africa,10.091699042493794,Moderate
Brazil,0.25,158421.9081632653,Americas,11.973017057910162,Low
Brazil,0.75,184663.58673469388,Americas,12.126290998590244,Low
Brazil,0.75,247291.23175182482,Americas,12.418321996964332,Low
Brazil,0.75,266803.6189624329,Americas,12.49426815725857,Low
Brazil,0.875,272281.26767676766,Americas,12.514590883334684,Low
Brazil,0.625,292960.0707070707,Americas,12.587791601262317,Low
Brazil,0.875,310922.72895622894,Americas,12.647299700342268,Low
Brazil,0.875,326097.5235690236,Americas,12.69495176766401,Low
Brazil,1,339521.09764309763,Americas,12.735291367328712,Low
Brazil,0.75,351280.8787878788,Americas,12.769341406906003,Low
British Virgin Islands,0.6666666666666666,1249.1666666666667,Americas,7.130231941308643,High
British Virgin Islands,1,1325,Americas,7.1891677384203225,High
British Virgin Islands,1,1376.1666666666667,Americas,7.227057135189374,High
British Virgin Islands,0.6666666666666666,1419,Americas,7.257707677160043,High
British Virgin Islands,0.6666666666666666,1515.142857142857,Americas,7.323265008641762,High
British Virgin Islands,1,1236.6666666666667,Americas,7.120174866933371,High
British Virgin Islands,1,1474.3333333333333,Americas,7.295961189200217,High
British Virgin Islands,1,1744.888888888889,Americas,7.464446158620078,High
British Virgin Islands,1,1189.3333333333333,Americas,7.08114820503179,High
British Virgin Islands,1,1349.4,Americas,7.207415328193325,High
British Virgin Islands,1,1577.6666666666667,Americas,7.363702241238139,High
British Virgin Islands,1,1845,Americas,7.520234556474628,High
British Virgin Islands,1,2299.866666666667,Americas,7.740606429222364,High
British Virgin Islands,1,2475.6666666666665,Americas,7.814264999001186,High
Bulgaria,0.75,22055.9125,Europe,10.001335985521298,Moderate
Bulgaria,1,34823.225,Europe,10.458039828217665,Moderate
Bulgaria,1,33335.5,Europe,10.41437817418971,Moderate
Bulgaria,1,32062.708333333332,Europe,10.375448899617812,Moderate
Bulgaria,1,30989.995833333334,Europe,10.341419716329812,Moderate
Bulgaria,1,29906.320833333335,Europe,10.305825136145273,Moderate
Bulgaria,0.75,28890.216666666667,Europe,10.271258293143708,Moderate
Burundi,0,74892.79012345678,Africa,11.223812904838061,Low
Burundi,0,55155.55294117647,Africa,10.917912707576264,Moderate
Canada,1,42508.84864864865,Americas,10.657467536738784,Moderate
Canada,1,48375.10810810811,Americas,10.786740665122519,Moderate
Canada,1,53204.1027027027,Americas,10.881890790828114,Moderate
Canada,1,58103.0406504065,Americas,10.969973276245225,Moderate
Canada,1,62734.37940379404,Americas,11.04666489220079,Low
Canada,1,63394.770025839796,Americas,11.057136645316692,Low
Canada,1,66996.03359173126,Americas,11.112388696497293,Low
Canada,1,69473.6075,Americas,11.148702211228837,Low
Canada,1,73647.8275,Americas,11.207049923831816,Low
Canada,1,76088.18472906404,Americas,11.239648271993676,Low
Canada,1,78547.63438256658,Americas,11.27146052715855,Low
Canada,1,82801.20823244553,Americas,11.32419793244618,Low
Canada,1,87075.62711864407,Americas,11.37453229725988,Low
Canada,1,92425.91283292978,Americas,11.434162660228116,Low
Cayman Islands,0.5,702.3333333333334,Americas,6.55440812513608,High
Cayman Islands,0.5,780.0833333333334,Americas,6.659400751583744,High
Cayman Islands,0.5,876.4166666666666,Americas,6.775841624732028,High
Cayman Islands,0.5,1149,Americas,7.046647277848756,High
Cayman Islands,0.5,1423.25,Americas,7.2606982678311915,High
Cayman Islands,0.5,1777,Americas,7.482681828154651,High
Cayman Islands,0.5,2166.5833333333335,Americas,7.6809067049374935,High
Cayman Islands,0.5,2182.866666666667,Americas,7.688394276657426,High
Cayman Islands,0.5,2644.9333333333334,Americas,7.880401139185844,High
Cayman Islands,0.5,3119.2,Americas,8.045331837668387,Moderate
Cayman Islands,0.5,3005.5,Americas,8.008199222479217,Moderate
Cayman Islands,0.5,3424.5555555555557,Americas,8.138726977474848,Moderate
Cayman Islands,0.5,3815.777777777778,Americas,8.246899796537528,Moderate
Central African Republic,0.2,39388.84705882353,Africa,10.581237985641264,Moderate
Central African Republic,0,35168.95412844037,Africa,10.46791898742109,Moderate
Chile,0.3333333333333333,38189.067708333336,Americas,10.550304567990016,Moderate
Chile,0.6666666666666666,42465.364583333336,Americas,10.65644407167904,Moderate
Chile,0.6666666666666666,46942.385416666664,Americas,10.75667628653448,Moderate
Chile,0,49226.72,Americas,10.804191844491601,Moderate
Chile,0.6666666666666666,85045.41772151898,Americas,11.350940718906593,Low
Chile,0.6666666666666666,91945.4493670886,Americas,11.42895073850967,Low
Chile,0.6666666666666666,98124.27215189874,Americas,11.493990037496932,Low
Chile,1,103473.27848101266,Americas,11.54706867942623,Low
Chile,1,108743.44303797468,Americas,11.596746653229498,Low
Chile,1,114225.47468354431,Americas,11.64592962211156,Low
Chile,0.6666666666666666,122598.88607594937,Americas,11.716673216602429,Low
Colombia,1,67268.1422413793,Americas,11.116442034187877,Low
Colombia,0.6,64429.255319148935,Americas,11.073323084082794,Low
Colombia,0.2,63450.55487804878,Americas,11.058016218227207,Low
Colombia,0.2,75063.16398713826,Americas,11.226085224573566,Low
Colombia,0.6,83937.2926045016,Americas,11.337825282430096,Low
Colombia,0.8,93509.48881789137,Americas,11.445818194810887,Low
Colombia,0.8,103642.39297124601,Americas,11.548701723672771,Low
Colombia,0.8,135111.9320754717,Americas,11.813858840370054,Low
Colombia,0.4,148630.92775665398,Americas,11.909221517178588,Low
Colombia,1,157197.67537313432,Americas,11.965259371165196,Low
Colombia,1,167079.5485074627,Americas,12.026225316353825,Low
Colombia,1,175260.97014925373,Americas,12.074031400080392,Low
Colombia,0.8,188917.89925373133,Americas,12.149067804181826,Low
Comoros,0,10585.619047619048,Africa,9.267251665337291,Moderate
Comoros,0.3333333333333333,11680.619047619048,Africa,9.365686255630049,Moderate
Comoros,0.3333333333333333,17959.909090909092,Africa,9.795897280089989,Moderate
Comoros,0,19843.515151515152,Africa,9.895632540120793,Moderate
Comoros,0,22020.666666666668,Africa,9.999736685325491,Moderate
Cook Islands,0.5,465.6363636363636,Oceania,6.1434049939611,High
Cook Islands,0.5,429.45454545454544,Oceania,6.062515904518882,High
Cook Islands,0.5,402.20454545454544,Oceania,5.996960778752924,High
Cook Islands,0.5,382.54545454545456,Oceania,5.946847481619176,High
Cook Islands,0.5,389.09090909090907,Oceania,5.963813015777472,High
Cook Islands,0.5,404.1136363636364,Oceania,6.001696116537687,High
Cook Islands,0.5,360.3181818181818,Oceania,5.88698747947884,High
Cook Islands,0.5,343.90909090909093,Oceania,5.8403773518346584,High
Cook Islands,0.5,385.8181818181818,Oceania,5.955366226935503,High
Cook Islands,1,396.5,Oceania,5.982676041074902,High
Cook Islands,1,355.52272727272725,Oceania,5.873589177643509,High
Costa Rica,0.5,24512.2,Americas,10.106926231775962,Moderate
Costa Rica,0.5,29499.911111111112,Americas,10.292142529140698,Moderate
Costa Rica,0.5,27828.21052631579,Americas,10.233805552284277,Moderate
Costa Rica,0,32262.263157894737,Americas,10.381653502904062,Moderate
Costa Rica,0,36714.36842105263,Americas,10.510923467533003,Moderate
Costa Rica,0,41940.929824561405,Americas,10.644017474562117,Moderate
Costa Rica,0,48103.40350877193,Americas,10.781108212608679,Moderate
Costa Rica,1,54766.771929824565,Americas,10.910838937385066,Moderate
Costa Rica,1,62020.63157894737,Americas,11.035222376074813,Low
Costa Rica,1,69083.14035087719,Americas,11.143065990852099,Low
Costa Rica,1,74758.59649122808,Americas,11.2220194878677,Low
Costa Rica,1,79929.15789473684,Americas,11.288895995030183,Low
Costa Rica,1,84526.98245614035,Americas,11.34482608138138,Low
Costa Rica,0.5,88321.40350877192,Americas,11.388737752561877,Low
Croatia,0.2,17455.108303249097,Europe,9.767387624231953,Moderate
Croatia,0.4,33473.6231884058,Europe,10.41851304016628,Moderate
Croatia,0.6,28649.701986754968,Europe,10.26289832023032,Moderate
Croatia,0.6,28195.725490196077,Europe,10.246925667075203,Moderate
Croatia,0.6,28112.058823529413,Europe,10.243953902895143,Moderate
Croatia,0.6,27706.814569536426,Europe,10.229433675259775,Moderate
Croatia,0.4,26185.152317880795,Europe,10.17294782368658,Moderate
Curacao,0.5,488692.2727272727,Americas,13.099488271238972,Low
Curacao,1,522132.3181818182,Americas,13.165676317850293,Low
Curacao,1,559142.0454545454,Americas,13.234158826216442,Low
Curacao,1,593276.2727272727,Americas,13.293415459414794,Low
Curacao,1,621819.7727272727,Americas,13.340405575276622,Low
Curacao,1,643758.4545454546,Americas,13.375078864148335,Low
Curacao,1,660861.7727272727,Americas,13.401299978549895,Low
Curacao,1,683221.7272727273,Americas,13.434574723164996,Low
Curacao,1,707501.4545454546,Americas,13.469494964392052,Low
Curacao,0.5,729943.6363636364,Americas,13.50072259968292,Low
Curacao,1,748441.3636363636,Americas,13.525748141278028,Low
Curacao,1,762328.8636363636,Americas,13.544133321140386,Low
Curacao,1,814639.6666666666,Americas,13.610501167666767,Low
Curacao,0.5,839844.3333333334,Americas,13.640971836185777,Low
Cyprus,0.6666666666666666,20893.628571428573,Asia,9.947199538434072,Moderate
Cyprus,0.6666666666666666,14077.69642857143,Asia,9.5523470104018,Moderate
Cyprus,0.6666666666666666,15405.267857142857,Asia,9.64246479855522,Moderate
Cyprus,0.6666666666666666,16922.625,Asia,9.736406762970935,Moderate
Cyprus,0.6666666666666666,18502.696428571428,Asia,9.825671753341247,Moderate
Cyprus,0.6666666666666666,20139.571428571428,Asia,9.91044188643201,Moderate
Cyprus,0.6666666666666666,20669.525423728814,Asia,9.936415692747447,Moderate
Cyprus,0.3333333333333333,22071.98305084746,Asia,10.00206434799394,Moderate
Denmark,1,24797.977653631286,Europe,10.118517382603455,Moderate
Denmark,1,25582.916201117318,Europe,10.149680071806088,Moderate
Denmark,1,26585.67597765363,Europe,10.188127852647474,Moderate
Denmark,1,27534.45810055866,Europe,10.223193521116455,Moderate
Denmark,1,28270.391061452516,Europe,10.249570283681896,Moderate
Denmark,1,28620.564245810056,Europe,10.261880768003804,Moderate
Denmark,1,28569.162011173183,Europe,10.260083163719163,Moderate
Denmark,1,28720.81005586592,Europe,10.265377228052209,Moderate
Denmark,1,29236.648044692738,Europe,10.283178271338091,Moderate
Denmark,1,29830.49162011173,Europe,10.303286358100838,Moderate
Denmark,1,30276.843575418996,Europe,10.318138460883379,Moderate
Denmark,1,30993.648044692738,Europe,10.34153756068794,Moderate
Denmark,1,31752.519553072627,Europe,10.365727357174604,Moderate
Denmark,1,32578.379888268155,Europe,10.391404153733232,Moderate
Dominica,0.6666666666666666,6619,Americas,8.797699580118923,Moderate
Dominica,0.6666666666666666,7421.5,Americas,8.91213647206482,Moderate
Dominica,0.6666666666666666,5773.181818181818,Americas,8.660978649140048,Moderate
Dominica,0.6666666666666666,6264.363636363636,Americas,8.74263228776789,Moderate
Dominica,1,3408.095238095238,Americas,8.13390883300922,Moderate
Dominica,1,3480.1428571428573,Americas,8.154828622829074,Moderate
Dominica,1,3416.3809523809523,Americas,8.136337068708409,Moderate
Dominica,1,3315.5714285714284,Americas,8.10638526440778,Moderate
Dominica,1,3308.0476190476193,Americas,8.104113451157149,Moderate
Dominica,1,3262.4285714285716,Americas,8.090227157576278,Moderate
Dominica,1,3273.0476190476193,Americas,8.093476823447473,Moderate
Dominica,1,3279,Americas,8.095293776844649,Moderate
Dominica,1,3352.8571428571427,Americas,8.117568139789755,Moderate
Dominica,1,3217.7619047619046,Americas,8.076441336238874,Moderate
Dominican Republic,0.5,43557.32673267327,Americas,10.681833205390355,Moderate
Dominican Republic,0.5,42769.28813559322,Americas,10.663575557070125,Moderate
Dominican Republic,0.5,48551.161016949154,Americas,10.790373387273894,Moderate
Dominican Republic,0.5,43744.244897959186,Americas,10.686115337943429,Moderate
Dominican Republic,0.5,47674.44,Americas,10.772150684201415,Moderate
Dominican Republic,0.5,52587.433333333334,Americas,10.870232460169584,Moderate
Dominican Republic,0.5,47956.3687150838,Americas,10.778046891410128,Moderate
Dominican Republic,0.5,50687,Americas,10.833424746444134,Moderate
Dominican Republic,0.25,45675.232558139534,Americas,10.729311472818129,Moderate
Dominican Republic,0.5,48534.08837209302,Americas,10.790021683072904,Moderate
Dominican Republic,0.5,51201.395348837206,Americas,10.843522063563222,Moderate
Ecuador,1,118346.04347826086,Americas,11.68136818369688,Low
Ecuador,1,134944.26086956522,Americas,11.812617089713475,Low
Ecuador,0.5,145467.68055555556,Americas,11.88770921415394,Low
Ecuador,0.5,150526.15584415584,Americas,11.92189214105524,Low
Ecuador,1,138461.63,Americas,11.838348526515748,Low
Ecuador,1,121586.25,Americas,11.708379166462775,Low
Ecuador,1,118731.5693430657,Americas,11.684620504319184,Low
Ecuador,1,128073.46715328467,Americas,11.760359340383525,Low
El Salvador,0.3333333333333333,81578.43333333333,Americas,11.309320208633869,Low
El Salvador,1,89995.43333333333,Americas,11.407514207284306,Low
El Salvador,1,68596.79761904762,Americas,11.13600113068626,Low
El Salvador,1,70754.35714285714,Americas,11.166969398667254,Low
El Salvador,1,71494.97619047618,Americas,11.177382463143271,Low
El Salvador,1,72241.05952380953,Americas,11.187763854702713,Low
El Salvador,1,73615.19047619047,Americas,11.206606675760543,Low
El Salvador,0.3333333333333333,74222.29761904762,Americas,11.21481989100754,Low
Equatorial Guinea,0,9165.8,Africa,9.123234445062304,Moderate
Estonia,0.6666666666666666,14383.930693069307,Europe,9.57386693836479,Moderate
Estonia,0.6666666666666666,13831.653465346535,Europe,9.534714973936694,Moderate
Estonia,0.6666666666666666,13414.336633663366,Europe,9.504079312040584,Moderate
Estonia,0.6666666666666666,13182.653465346535,Europe,9.486657112933413,Moderate
Estonia,0.6666666666666666,13015.60396039604,Europe,9.473904221299822,Moderate
Estonia,0.6666666666666666,13165.039603960397,Europe,9.485320080202406,Moderate
Fiji,0.25,14755.222222222223,Oceania,9.599352348071639,Moderate
Fiji,0.5,7830.843137254902,Oceania,8.965825463552346,Moderate
Finland,0.5,21175.985,Europe,9.960623035557612,Moderate
Finland,0.5,22148.12,Europe,10.005507896024621,Moderate
Finland,0.5,22820.75,Europe,10.035425488783094,Moderate
Finland,0.5,23031.525,Europe,10.04461920859897,Moderate
Finland,0.5,23555.84,Europe,10.067129051716721,Moderate
Finland,0.5,23896.75,Europe,10.081497745409441,Moderate
Finland,0.5,24511.305,Europe,10.10688971867882,Moderate
Finland,0.5,24932.875,Europe,10.12394249277256,Moderate
Finland,0.75,25539.61,Europe,10.147985859305493,Moderate
Finland,0.75,25881.01,Europe,10.161264774128448,Moderate
Finland,0.75,26230.41,Europe,10.174674703695677,Moderate
Finland,0.75,26816.75,Europe,10.19678197126779,Moderate
Finland,0.75,27398.585,Europe,10.218246648706884,Moderate
Finland,0.75,27648.06,Europe,10.227310841740316,Moderate
France,0.8333333333333334,46704.857142857145,Europe,10.751603445590295,Moderate
France,0.8333333333333334,53000.15296803653,Europe,10.878050078719463,Moderate
France,0.8333333333333334,63755.333333333336,Europe,11.062808119652079,Low
France,0.8333333333333334,65905.4150453956,Europe,11.095975887758108,Low
France,0.8333333333333334,68059.7741935484,Europe,11.128141630293712,Low
France,1,68627.30407124682,Europe,11.136445753056908,Low
France,1,68647.46287128713,Europe,11.136739453066518,Low
France,1,63463.51670378619,Europe,11.05822047967152,Low
France,1,64802.007795100224,Europe,11.079091866352645,Low
France,1,66240.21937639198,Europe,11.101043100895323,Low
France,1,68244.77519379844,Europe,11.130856156179785,Low
France,1,68931.91630434783,Europe,11.140874576223684,Low
France,1,70179.8227027027,Europe,11.15881612281174,Low
France,1,71248.9481081081,Europe,11.173935334626943,Low
Georgia,0.5,17132.47234042553,Asia,9.748730909008101,Moderate
Georgia,0.5,25972.833333333332,Asia,10.164806398949667,Moderate
Georgia,0.5,25277.153333333332,Asia,10.137656236435088,Moderate
Georgia,0.25,25304.52,Asia,10.13873831488499,Moderate
Germany,0.7777777777777778,128581.6307129799,Europe,11.764319240092934,Low
Germany,0.7777777777777778,130020.78571428571,Europe,11.775449606766548,Low
Germany,0.7777777777777778,135172.53380782917,Europe,11.81430726964382,Low
Germany,0.7777777777777778,139901.79248658317,Europe,11.848695973198963,Low
Germany,0.7777777777777778,140790.45617173525,Europe,11.855027937537518,Low
Germany,0.7777777777777778,140099.06082289803,Europe,11.850105028683057,Low
Germany,0.7777777777777778,138793.98217468805,Europe,11.840745970024795,Low
Germany,1,142335.64107142857,Europe,11.865943217027807,Low
Germany,1,110688.11066126855,Europe,11.614471711494893,Low
Germany,1,110836.39295392953,Europe,11.615810455628273,Low
Germany,1,122093.34970238095,Europe,11.712541192623505,Low
Germany,1,116976.73516642547,Europe,11.669730349276252,Low
Germany,1,117253.64285714286,Europe,11.672094754969965,Low
Germany,1,119469.58285714286,Europe,11.690817081193412,Low
Ghana,0,56874.25961538462,Africa,10.94859813841704,Moderate
Ghana,0,63755.80714285714,Africa,11.062815551308983,Low
Ghana,0,85296.05714285714,Africa,11.353883508998273,Low
Ghana,0,86995.085,Africa,11.373606901787987,Low
Ghana,0,98185.435,Africa,11.494613163586493,Low
Ghana,0,97606.25217391305,Africa,11.488696829508429,Low
Ghana,0,110760.84782608696,Africa,11.615128631878994,Low
Ghana,0,104349.33818181818,Africa,11.555499570193122,Low
Ghana,0,115955.6690909091,Africa,11.660963234036204,Low
Gibraltar,0,2178.5,Europe,7.686391845557496,High
Gibraltar,0,2183.9,Europe,7.688867548270727,High
Gibraltar,0,2170.7272727272725,Europe,7.682817539106963,High
Gibraltar,0,1775.6,Europe,7.48189367295988,High
Gibraltar,0,1863.4,Europe,7.530158055016325,High
Gibraltar,1,1911.6666666666667,Europe,7.555730740895362,High
Gibraltar,1,1900.8,Europe,7.550030129168325,High
Gibraltar,1,1813.3333333333333,Europe,7.502922051181878,High
Gibraltar,1,1825.1333333333334,Europe,7.509408322708618,High
Gibraltar,1,1847.2666666666667,Europe,7.521462348048771,High
Gibraltar,1,1944.2,Europe,7.572605860386969,High
Gibraltar,1,1838.1176470588234,Europe,7.516497309060244,High
Gibraltar,1,1952.5294117647059,Europe,7.576880945244281,High
Gibraltar,1,2127.823529411765,Europe,7.662854919114821,High
Greece,0,26615.703333333335,Europe,10.189256671458455,Moderate
Greece,0,27948.306666666667,Europe,10.238111892371075,Moderate
Greece,0.25,28404.543333333335,Europe,10.25430438788024,Moderate
Greece,0.25,30056.556666666667,Europe,10.310836108065347,Moderate
Greece,0.25,32178.046666666665,Europe,10.379039718476156,Moderate
Greece,0.25,33456.79,Europe,10.418010034493408,Moderate
Greece,0.5,34194.956666666665,Europe,10.439833446289594,Moderate
Greece,1,35064.11666666667,Europe,10.46493356934233,Moderate
Greece,1,35942.11666666667,Europe,10.48966505305706,Moderate
Greece,1,36604.44666666666,Europe,10.507925005634478,Moderate
Greece,1,37082.23333333333,Europe,10.520893247999075,Moderate
Greece,1,36069.676666666666,Europe,10.493207809806027,Moderate
Greece,0.75,35664.56333333333,Europe,10.481912851074402,Moderate
Grenada,0.75,10454.375,Americas,9.254775830066274,Moderate
Grenada,1,11757.25,Americas,9.37222535056954,Moderate
Grenada,1,9806.7,Americas,9.190821104529808,Moderate
Grenada,1,9841.4,Americas,9.194353256348734,Moderate
Grenada,1,3504.5,Americas,8.16180313594038,Moderate
Grenada,1,3432.535714285714,Americas,8.14105454233256,Moderate
Grenada,1,3569.8928571428573,Americas,8.180290862318513,Moderate
Grenada,1,3709.6071428571427,Americas,8.21868125858142,Moderate
Grenada,0.75,3837.535714285714,Americas,8.252585698506405,Moderate
Grenada,1,3919.0714285714284,Americas,8.273610024257426,Moderate
Grenada,1,3985.214285714286,Americas,8.290346362856209,Moderate
Grenada,1,4095.5714285714284,Americas,8.317661529548637,Moderate
Grenada,0.75,4155.035714285715,Americas,8.332076302748568,Moderate
Guam,0.6666666666666666,3758.6666666666665,Oceania,8.231819563565894,Moderate
Guam,0.6666666666666666,4207.857142857143,Oceania,8.344708804900474,Moderate
Guam,0.6666666666666666,4717,Oceania,8.458928283284262,Moderate
Guam,1,5244.809523809524,Oceania,8.564994204405382,Moderate
Guam,1,5910.333333333333,Oceania,8.684457510388878,Moderate
Guam,1,6600.476190476191,Oceania,8.794897075483975,Moderate
Guam,1,7145.428571428572,Oceania,8.874228070570517,Moderate
Guam,1,10671,Oceania,9.275285060616564,Moderate
Guam,1,10957.666666666666,Oceania,9.30179464245944,Moderate
Guam,1,11101.466666666667,Oceania,9.314832510703877,Moderate
Guam,1,10993.666666666666,Oceania,9.30507462839271,Moderate
Guam,1,10810.533333333333,Oceania,9.288276246449833,Moderate
Guatemala,0.5,61570.530303030304,Americas,11.02793863087824,Low
Guatemala,0.25,98126.65454545454,Americas,11.494014316552281,Low
Guatemala,0.25,102145.51666666666,Americas,11.534153709577904,Low
Guatemala,0.25,113118.22950819672,Americas,11.636188829559865,Low
Guatemala,0.75,90247.73,Americas,11.410313723524231,Low
Guatemala,0.75,128912.45,Americas,11.766888770764266,Low
Guatemala,1,103518.51327433628,Americas,11.547505747907643,Low
Guatemala,1,82833.09493670886,Americas,11.32458295781891,Low
Guatemala,1,91772.86075949368,Americas,11.427071898471937,Low
Guatemala,1,101086.98101265823,Americas,11.523736623350173,Low
Guatemala,0.75,109856.48734177215,Americas,11.606930132434698,Low
Guinea,0.6666666666666666,103219.91228070176,Africa,11.544617061873852,Low
Guinea,0.8333333333333334,117291.07894736843,Africa,11.67241397844475,Low
Guinea-Bissau,0.5,12105.303921568628,Africa,9.401398976167153,Moderate
Guinea-Bissau,0.5,13815.85,Africa,9.53357176279016,Moderate
Guinea-Bissau,1,17514.28431372549,Africa,9.770772073462197,Moderate
Guinea-Bissau,1,19737.79411764706,Africa,9.890290559916942,Moderate
Guyana,1,31619.055555555555,Americas,10.361515241739133,Moderate
Guyana,1,14309.207547169812,Americas,9.568658493460836,Moderate
Guyana,1,11673.553846153845,Americas,9.365081207297756,Moderate
Guyana,0.5,12422.784615384615,Americas,9.427287534494726,Moderate
Honduras,0.5,35552.75862068965,Americas,10.478773030552428,Moderate
Honduras,0.5,52723.68292682927,Americas,10.872820024984314,Moderate
Honduras,1,38910.0625,Americas,10.569008172248191,Moderate
Honduras,1,44840.9140625,Americas,10.710876261958253,Moderate
Honduras,1,51388.8515625,Americas,10.847176532246783,Moderate
Honduras,1,58424.6484375,Americas,10.975493142059044,Moderate
Honduras,1,65358.421875,Americas,11.087641584123048,Low
Honduras,1,72166.4453125,Americas,11.18673047048859,Low
Hungary,0.8,26894.510362694302,Europe,10.199677469027373,Moderate
Hungary,0.75,26742.97409326425,Europe,10.194027067106319,Moderate
Hungary,0.875,26400.518134715025,Europe,10.181138915256778,Moderate
Hungary,0.875,26076.958549222796,Europe,10.168807389194805,Moderate
Hungary,0.875,25852.665803108808,Europe,10.160169000465073,Moderate
Hungary,0.875,49443.27135678392,Europe,10.808581258162292,Moderate
Iceland,1,3033.576923076923,Europe,8.017497704923686,Moderate
Iceland,1,2926,Europe,7.98139158158007,High
Iceland,1,3205.55,Europe,8.07263896149627,Moderate
Iceland,1,3407.9666666666667,Europe,8.133871106993706,Moderate
Iceland,1,3633.8,Europe,8.19803421166834,Moderate
Iceland,1,3802.4,Europe,8.2433877252998,Moderate
Iceland,1,4023.366666666667,Europe,8.299874310393289,Moderate
Iceland,1,4044.968253968254,Europe,8.305228981246282,Moderate
Iceland,1,4246.190476190476,Europe,8.353777501405503,Moderate
Iceland,1,4464.761904761905,Europe,8.403971167087416,Moderate
Iceland,1,4711.650793650793,Europe,8.457793612578943,Moderate
Iceland,1,5050.126984126984,Europe,8.527168667324945,Moderate
Iceland,1,5253.206349206349,Europe,8.56659390234622,Moderate
Iceland,1,5819.269841269841,Europe,8.66893007602863,Moderate
India,0.5,537726.6116504854,Asia,13.195105553205023,Low
India,0.3333333333333333,597247.0383561644,Asia,13.300086106374865,Low
India,0.16666666666666666,669590.3633879782,Asia,13.414421406458828,Low
India,0.16666666666666666,718242.4578947368,Asia,13.484562476117746,Low
India,0.3333333333333333,802243.4842519684,Asia,13.595167437096762,Low
India,0,874496.2150127226,Asia,13.68140324525844,Low
India,0,994398.703989704,Asia,13.809893515868964,Low
India,0.5,1094901.5455696203,Asia,13.906175004468539,Low
India,0.6666666666666666,1215570.941772152,Asia,14.010724435306805,Low
India,0.5,1339142.7,Asia,14.107540191063618,Low
India,0.3333333333333333,1465325.2817258884,Asia,14.197587811094888,Low
India,0.5,1578022.2893401014,Asia,14.271682905345298,Low
India,0.5,1685310.276649746,Asia,14.33746024526178,Low
India,0.5,1779971.6941624365,Asia,14.392108019985892,Low
Indonesia,0.6,432155.58,Asia,12.976540941280692,Low
Indonesia,0.6,340518.65781710914,Asia,12.738225198421768,Low
Indonesia,0.8,355932.5462427746,Asia,12.782496515035023,Low
Indonesia,0.8,376148.3462643678,Asia,12.837738882499552,Low
Indonesia,0.8,394848.9454022989,Asia,12.886258554040303,Low
Ireland,1,14007.429951690821,Europe,9.547343178655264,Moderate
Ireland,1,13660.333333333334,Europe,9.522251534974442,Moderate
Ireland,1,14084.083333333334,Europe,9.552800597137113,Moderate
Ireland,1,14516.68137254902,Europe,9.583053706646401,Moderate
Ireland,1,15588.81862745098,Europe,9.654309181595629,Moderate
Ireland,1,16419.423076923078,Europe,9.706220247000793,Moderate
Ireland,1,15625.092920353982,Europe,9.656633421489575,Moderate
Ireland,1,15548.752212389381,Europe,9.651735670811446,Moderate
Ireland,1,15976.535398230088,Europe,9.678876387192483,Moderate
Ireland,1,16825.597345132745,Europe,9.73065665730812,Moderate
Ireland,1,18386.21238938053,Europe,9.819356336047425,Moderate
Ireland,1,20172.9203539823,Europe,9.912096407477163,Moderate
Ireland,1,20807.464601769912,Europe,9.943067076394241,Moderate
Ireland,1,22046.929203539825,Europe,10.000928606031115,Moderate
Israel,0.25,13329.141666666666,Asia,9.497708020001784,Moderate
Israel,0.25,15766.125,Asia,9.665618930042058,Moderate
Israel,0.25,19428.758333333335,Asia,9.874509635714642,Moderate
Israel,0.25,23873.15,Asia,10.080509675435671,Moderate
Israel,0,27650.741666666665,Asia,10.227407829978324,Moderate
Israel,0,31013.875,Asia,10.342189963978106,Moderate
Israel,0,34211.325,Asia,10.440312008586709,Moderate
Israel,0,37874.99166666667,Asia,10.542046322789643,Moderate
Israel,0,44622.825,Asia,10.706000778398334,Moderate
Israel,0,50926.583333333336,Asia,10.838140332086066,Moderate
Israel,0,56068.38333333333,Asia,10.934327355695679,Moderate
Israel,0,61139.458333333336,Asia,11.02091273595732,Low
Israel,0,67107.56666666667,Asia,11.114052083616457,Low
Israel,0,73336.46666666666,Asia,11.202813263026332,Low
Italy,0.5714285714285714,57780.093637454986,Europe,10.964399594604842,Moderate
Italy,0.5714285714285714,58321.03062426384,Europe,10.973718038410205,Moderate
Italy,0.5714285714285714,54133.25762355416,Europe,10.899204019460962,Moderate
Italy,0.5714285714285714,56082.18067226891,Europe,10.934573405978663,Moderate
Italy,0.5714285714285714,57886.72088142707,Europe,10.966243291513411,Moderate
Italy,0.5714285714285714,59256.39075630252,Europe,10.989628914046678,Moderate
Italy,0.5714285714285714,59722.16491596639,Europe,10.997458502100665,Moderate
Italy,0.5714285714285714,59844.12801678909,Europe,10.999498594506841,Moderate
Italy,0.8571428571428571,60744.27936507937,Europe,11.014428189938851,Low
Italy,0.8571428571428571,60605.49841269841,Europe,11.012140900824239,Low
Italy,0.8571428571428571,61925.60105820106,Europe,11.033688960538974,Low
Italy,0.8571428571428571,63665.833862433865,Europe,11.061403337580348,Low
Italy,1,64100.863492063494,Europe,11.068213113833059,Low
Italy,1,63399.75555555556,Europe,11.057215284827278,Low
Jamaica,0.3333333333333333,48553.46875,Americas,10.790420918129154,Moderate
Jamaica,0.3333333333333333,36666.77777777778,Americas,10.509626386404882,Moderate
Jamaica,0.3333333333333333,26805.939393939392,Americas,10.196378761121888,Moderate
Jamaica,0.3333333333333333,25381.027027027027,Americas,10.141757206447565,Moderate
Jamaica,0.3333333333333333,27283.527027027027,Americas,10.214038393447218,Moderate
Jamaica,0.3333333333333333,26489.604938271605,Americas,10.184507668537375,Moderate
Jamaica,0.3333333333333333,28279.703703703704,Americas,10.249899642717422,Moderate
Jamaica,0.3333333333333333,29381.197530864196,Americas,10.288110208967458,Moderate
Jamaica,0.3333333333333333,30866.061728395063,Americas,10.337412533341984,Moderate
Jamaica,0.3333333333333333,32195.382716049382,Americas,10.3795783273391,Moderate
Jamaica,0.3333333333333333,33173.654320987655,Americas,10.409511295332873,Moderate
Jamaica,0.3333333333333333,33932.93827160494,Americas,10.432141452072058,Moderate
Jamaica,0.3333333333333333,33363.5,Americas,10.415217767036523,Moderate
Jamaica,0.3333333333333333,33699.27380952381,Americas,10.425231567429458,Moderate
Japan,0,128905.8270571827,Asia,11.766837393934862,Low
Japan,0,134448.75034867504,Asia,11.808938367110677,Low
Japan,0,140747.58577405856,Asia,11.854723393272652,Low
Japan,0,144989.63043478262,Asia,11.884417504602567,Low
Japan,0,152930.0890688259,Asia,11.937736161757654,Low
Japan,0,155122.87811271296,Asia,11.951972843849056,Low
Japan,0,158364.5648754915,Asia,11.97265502674229,Low
Japan,0.25,161518.0170157068,Asia,11.992371975891215,Low
Japan,0.25,164708.60419397117,Asia,12.011933156416069,Low
Japan,0.25,173535.23087431694,Asia,12.064135917549535,Low
Japan,0.25,177165.27700831025,Asia,12.08483834427398,Low
Japan,0.25,177541.932132964,Asia,12.086962097366765,Low
Japan,0.25,177511.67642956765,Asia,12.08679166843581,Low
Japan,0.25,176156.96373779638,Asia,12.079130715987104,Low
Kenya,0.4,55916.63473053892,Africa,10.931617195027753,Moderate
Kenya,0,161245.42342342343,Africa,11.990682852385003,Low
Kenya,0,185707.88839285713,Africa,12.131930225667752,Low
Kenya,0,161262.07534246575,Africa,11.990786117698963,Low
Kiribati,0.6666666666666666,1917,Oceania,7.558516743045645,High
Kiribati,0.6666666666666666,1967.3225806451612,Oceania,7.5844288012040275,High
Kiribati,0.6666666666666666,1652.6486486486488,Oceania,7.4101345214767,High
Kiribati,0.6666666666666666,1749.8947368421052,Oceania,7.467310914732513,High
Kiribati,0.6666666666666666,1825.7317073170732,Oceania,7.509736121179629,High
Kiribati,0.6666666666666666,1981.3170731707316,Oceania,7.591517091018858,High
Kiribati,0.6666666666666666,2109.8333333333335,Oceania,7.6543642344087734,High
Kiribati,0.6666666666666666,2334.1666666666665,Oceania,7.755410218466154,High
Kiribati,0.6666666666666666,2363.1304347826085,Oceania,7.767742474471215,High
Kiribati,0.6666666666666666,2539.4565217391305,Oceania,7.8397053692989624,High
Kiribati,0.6666666666666666,2741.282608695652,Oceania,7.916181195218356,High
Kyrgyzstan,0,50015.683333333334,Asia,10.820091901893845,Moderate
Kyrgyzstan,0,55534.5,Asia,10.924759728229457,Moderate
Laos,0.2,54091.8,Asia,10.898437882181993,Moderate
Latvia,0.3333333333333333,13234.482587064676,Europe,9.490581019606458,Moderate
Latvia,0.6666666666666666,24859.49,Europe,10.120994849970922,Moderate
Latvia,0.6666666666666666,23683.13,Europe,10.072518259317114,Moderate
Latvia,0.6666666666666666,22397.84,Europe,10.01671980462217,Moderate
Latvia,0.6666666666666666,20978.31,Europe,9.951244325798198,Moderate
Latvia,0.6666666666666666,19778.67,Europe,9.892359363280022,Moderate
Latvia,0.6666666666666666,19011.23,Europe,9.852785136177346,Moderate
Lebanon,0.3333333333333333,35319.72727272727,Asia,10.472196933077871,Moderate
Lebanon,0.3333333333333333,27187.969696969696,Asia,10.210529863892187,Moderate
Lebanon,0.3333333333333333,21099.303030303032,Asia,9.956995287179405,Moderate
Lebanon,0.3333333333333333,24102.161616161615,Asia,10.090056809073179,Moderate
Lesotho,0,9183.763440860215,Africa,9.125192360481554,Moderate
Lesotho,0,13755.627450980392,Africa,9.529203288529148,Moderate
Lesotho,0,14612.59477124183,Africa,9.589639091387475,Moderate
Liberia,0.3333333333333333,43179.68085106383,Africa,10.67312531291281,Moderate
Liberia,0.6666666666666666,49994.78640776699,Africa,10.819674007128937,Moderate
Liechtenstein,1,997.9333333333333,Europe,6.9056864738130255,High
Liechtenstein,1,1099.4,Europe,7.00251985542656,High
Liechtenstein,1,1240.1333333333334,Europe,7.122974179700202,High
Liechtenstein,1,1409.5333333333333,Europe,7.251013959322659,High
Liechtenstein,1,1546.5333333333333,Europe,7.343771145939612,High
Liechtenstein,1,1672.6666666666667,Europe,7.422174438258258,High
Liechtenstein,1,1800.6,Europe,7.4958752216743765,High
Liechtenstein,1,1155.48,Europe,7.052271121040193,High
Liechtenstein,1,1241.32,Europe,7.123930608532601,High
Liechtenstein,1,1324.52,Europe,7.18880540863587,High
Liechtenstein,1,1387.64,Europe,7.235359741431337,High
Liechtenstein,1,1439.96,Europe,7.272370614406459,High
Liechtenstein,1,1496,Europe,7.310550158534422,High
Liechtenstein,1,1550.68,Europe,7.3464488233857574,High
Lithuania,0.5,27370.45925925926,Europe,10.217219581552671,Moderate
Lithuania,0.5,25723.673758865247,Europe,10.155167004810206,Moderate
Lithuania,0.5,24825.54609929078,Europe,10.119628486628754,Moderate
Lithuania,0.5,23562.14893617021,Europe,10.06739684481869,Moderate
Lithuania,0.5,21969.64539007092,Europe,9.997417024605287,Moderate
Lithuania,0.5,20608.255319148935,Europe,9.933447018149389,Moderate
Lithuania,0.5,19828.120567375885,Europe,9.89485643978447,Moderate
Luxembourg,1,5871.384615384615,Europe,8.677845764970145,Moderate
Luxembourg,1,6036.096153846154,Europe,8.70551274982152,Moderate
Luxembourg,1,5887.535714285715,Europe,8.68059280442699,Moderate
Luxembourg,1,6059.5,Europe,8.709382567408541,Moderate
Luxembourg,1,5994.576271186441,Europe,8.698610384594405,Moderate
Luxembourg,1,6164.4915254237285,Europe,8.726560934569035,Moderate
Luxembourg,1,5729.078125,Europe,8.65330991107594,Moderate
Luxembourg,1,6361.666666666667,Europe,8.758045676511221,Moderate
Luxembourg,1,6803.783333333334,Europe,8.825234108995396,Moderate
Luxembourg,1,7268.866666666667,Europe,8.89135566658242,Moderate
Luxembourg,1,7756.05,Europe,8.956228462963733,Moderate
Luxembourg,1,8456.833333333334,Europe,9.042730072047922,Moderate
Luxembourg,1,9492.266666666666,Europe,9.158232710994433,Moderate
Luxembourg,1,10509.95,Europe,9.26007770648575,Moderate
Madagascar,0.6666666666666666,61628.399122807015,Africa,11.028878068003259,Low
Madagascar,0.3333333333333333,68818.075,Africa,11.139221707440354,Low
Madagascar,0.6666666666666666,76638.828,Africa,11.24685912025224,Low
Malawi,0.3333333333333333,57345.293785310736,Africa,10.9568460579054,Moderate
Malawi,0,58631.82383419689,Africa,10.979032896999536,Moderate
Malawi,0,66528.65803108808,Africa,11.105388081648508,Low
Malawi,0,76821.05181347151,Africa,11.249233993728469,Low
Malawi,0.3333333333333333,88987.43229166667,Africa,11.396250428537185,Low
Malawi,0.3333333333333333,101739,Africa,11.53016598935263,Low
Malaysia,0.6,98136.21917808219,Asia,11.494111784121708,Low
Malaysia,0.4,106961.63698630137,Asia,11.580225516317473,Low
Malaysia,0.4,116060.1301369863,Asia,11.661863699034564,Low
Maldives,1,4685.61038961039,Asia,8.452251472122096,Moderate
Maldives,1,5907.270588235294,Asia,8.683939174322289,Moderate
Mali,0.14285714285714285,78956.31782945736,Africa,11.27665003965446,Low
Mali,0.2857142857142857,78634.62585034013,Africa,11.272567413858443,Low
Mali,0.2857142857142857,84616.54375,Africa,11.34588507907687,Low
Mali,0.14285714285714285,99657.4875,Africa,11.509494460801164,Low
Mali,0.42857142857142855,126483.14285714286,Africa,11.747864320223767,Low
Mali,0.42857142857142855,147713.17006802722,Africa,11.90302763223572,Low
Malta,0.3333333333333333,7953.475,Europe,8.981364219063217,Moderate
Malta,0.3333333333333333,8270.5,Europe,9.020450245682277,Moderate
Malta,0.3333333333333333,6547.96,Europe,8.786908829736875,Moderate
Malta,0.3333333333333333,6520.22,Europe,8.782663396682727,Moderate
Malta,0.3333333333333333,6062.727272727273,Europe,8.709915022827982,Moderate
Malta,0.3333333333333333,5275.030769230769,Europe,8.570739791356784,Moderate
Malta,0.3333333333333333,5424.092307692307,Europe,8.598605847855271,Moderate
Malta,0.3333333333333333,5332,Europe,8.5814816812986,Moderate
Malta,0.3333333333333333,5826.515151515152,Europe,8.670174356458775,Moderate
Malta,0.3333333333333333,6152.2307692307695,Europe,8.724570021735326,Moderate
Malta,0.3333333333333333,6358.7692307692305,Europe,8.7575901204326545,Moderate
Malta,0.3333333333333333,6125.376811594203,Europe,8.720195553780913,Moderate
Malta,0.6666666666666666,6449,Europe,8.771680359010377,Moderate
Malta,0.6666666666666666,7510.246376811594,Europe,8.924023550719605,Moderate
Marshall Islands,0.5,527.3333333333334,Oceania,6.26783285965949,High
Marshall Islands,1,682.7272727272727,Oceania,6.52609547195981,High
Marshall Islands,1,792.5454545454545,Oceania,6.675249859999967,High
Marshall Islands,1,932.5454545454545,Oceania,6.837917895150843,High
Marshall Islands,1,1144.2727272727273,Oceania,7.042524541493134,High
Marshall Islands,1,1352.3939393939395,Oceania,7.209631589452749,High
Marshall Islands,1,1462.6060606060605,Oceania,7.287975096549078,High
Marshall Islands,1,1536.5454545454545,Oceania,7.337291964306057,High
Marshall Islands,1,1572.909090909091,Oceania,7.360682107941949,High
Marshall Islands,1,1577.090909090909,Oceania,7.363337232156886,High
Marshall Islands,1,1478.7878787878788,Oceania,7.298978030374759,High
Marshall Islands,1,1294.121212121212,Oceania,7.165587143101379,High
Mauritius,0,19341.548387096773,Africa,9.870010827182936,Moderate
Mauritius,0,17008.275,Africa,9.741455269312727,Moderate
Mauritius,0.5,18816.5,Africa,9.842489423474547,Moderate
Mauritius,0.5,11824.228571428572,Africa,9.377905974143609,Moderate
Mauritius,0.5,12686.042857142857,Africa,9.448257680490427,Moderate
Mauritius,0,13631.657142857142,Africa,9.520150097847376,Moderate
Mauritius,0,15531.257575757576,Africa,9.650609890054056,Moderate
Mauritius,0,15557.485714285714,Africa,9.652297198190386,Moderate
Mauritius,0.5,17573.045454545456,Africa,9.774121498804227,Moderate
Mauritius,0.5,18433.772727272728,Africa,9.821939735480793,Moderate
Mauritius,0.5,17960.214285714286,Africa,9.795914273060864,Moderate
Mauritius,0,18324.414285714287,Africa,9.815989563663644,Moderate
Mauritius,0,18461.071428571428,Africa,9.823419546923553,Moderate
Mauritius,0.5,18331.757142857143,Africa,9.816390197824546,Moderate
Mexico,0.75,157047.05732484077,Americas,11.964300767604627,Low
Mexico,0.75,168489.6560509554,Americas,12.034629638468578,Low
Mexico,0.75,180929.76910828025,Americas,12.105864218973933,Low
Mexico,0.75,192790.29617834394,Americas,12.169358328866746,Low
Mexico,0.75,201909.32165605095,Americas,12.215573972903547,Low
Moldova,1,42444.33653846154,Europe,10.655948767961705,Moderate
Moldova,1,41930.36633663366,Europe,10.64376557698888,Moderate
Moldova,1,39491.77227722772,Europe,10.58384763241338,Moderate
Moldova,1,35960.316831683165,Europe,10.490171299216463,Moderate
Moldova,1,32546.178217821784,Europe,10.390415228080384,Moderate
Moldova,1,30387.435643564357,Europe,10.321784500763291,Moderate
Monaco,1,1143.0555555555557,Europe,7.041460267649106,High
Monaco,1,1211.5555555555557,Europe,7.099660396040149,High
Monaco,1,1274.5,Europe,7.15030922381617,High
Monaco,1,1346.0555555555557,Europe,7.204933783911264,High
Monaco,1,1416.6666666666667,Europe,7.256061973250353,High
Monaco,1,1506.7777777777778,Europe,7.317728727751726,High
Monaco,1,1596.1666666666667,Europe,7.3753602002935645,High
Monaco,1,1686.5555555555557,Europe,7.43044359529064,High
Monaco,1,1756.0555555555557,Europe,7.470825411254716,High
Monaco,1,1803.0555555555557,Europe,7.497238035571404,High
Monaco,1,1342.0833333333333,Europe,7.201978411977299,High
Monaco,1,1381.7916666666667,Europe,7.231136245255403,High
Monaco,1,1531.5416666666667,Europe,7.334030132345227,High
Monaco,1,1585.4166666666667,Europe,7.368602532941886,High
Mongolia,0,4509.527083333333,Asia,8.413947567427252,Moderate
Mongolia,0,30733.092105263157,Asia,10.333095271776243,Moderate
Mongolia,0,32305.026315789473,Asia,10.38297811059616,Moderate
Mongolia,0,33729.75,Asia,10.426135516228644,Moderate
Mongolia,0,35549.10526315789,Asia,10.47867026650841,Moderate
Mongolia,0,39164.81578947369,Asia,10.57553406634265,Moderate
Mongolia,0,43299.80263157895,Asia,10.675903355818043,Moderate
Myanmar,0.4,52134.61866666667,Asia,10.861584472852773,Moderate
Myanmar,0.2,57947.333333333336,Asia,10.96728983102805,Moderate
Nauru,1,372.77777777777777,Oceania,5.9209824720695625,High
Nauru,1,388.1666666666667,Oceania,5.961434800656286,High
Nauru,1,424.94444444444446,Oceania,6.051958441425701,High
Nauru,1,475.05555555555554,Oceania,6.163431756259791,High
Nauru,1,534.5555555555555,Oceania,6.281435664363234,High
Nauru,1,564.7222222222222,Oceania,6.336333968166282,High
Nauru,1,564.8888888888889,Oceania,6.336629054973125,High
Nauru,1,558.2777777777778,Oceania,6.324856648152794,High
Nauru,1,557.9444444444445,Oceania,6.324259395497174,High
Nauru,1,576.5263157894736,Oceania,6.357020986177226,High
Nauru,1,612.7894736842105,Oceania,6.418021440870575,High
Nepal,0.5,83945.05283018868,Asia,11.337917730813189,Low
Nepal,0.5,92628.3358490566,Asia,11.436350376514593,Low
Nepal,0.5,45494.096505823625,Asia,10.7253378493964,Moderate
Nepal,0.5,46295.55574043261,Asia,10.742801247139562,Moderate
Nepal,0.5,48197.29450915141,Asia,10.783058167947784,Moderate
Netherlands,1,71674.86666666667,Europe,11.179895430501032,Low
Netherlands,1,51052.93777777778,Europe,10.840618369004188,Moderate
Netherlands,1,54671.666666666664,Europe,10.909100877370337,Moderate
Netherlands,1,58009.235555555555,Europe,10.968357510568689,Moderate
Netherlands,1,60800.15555555555,Europe,11.015347626430518,Low
Netherlands,1,62945.27111111111,Europe,11.05002091530223,Low
Netherlands,1,64617.595555555556,Europe,11.07624202970379,Low
Netherlands,1,66803.90222222223,Europe,11.109516774318893,Low
Netherlands,1,69177.92,Europe,11.144437015545947,Low
Netherlands,1,71372.26666666666,Europe,11.175664650836817,Low
Netherlands,1,73180.93333333333,Europe,11.200690192431923,Low
Netherlands,1,74538.82222222222,Europe,11.21907537229428,Low
Netherlands,1,76033.03555555556,Europe,11.23892320318577,Low
Netherlands,1,78385.47111111111,Europe,11.26939387170478,Low
New Zealand,1,26745.9,Oceania,10.19413646954891,Moderate
New Zealand,1,29743.5125,Oceania,10.30036631996677,Moderate
New Zealand,1,32956.175,Oceania,10.402933927531832,Moderate
New Zealand,1,33597.34523809524,Oceania,10.422202332058806,Moderate
New Zealand,1,35563.58620689655,Oceania,10.479077534005658,Moderate
New Zealand,1,34199.20652173913,Oceania,10.439957721662807,Moderate
New Zealand,1,34400.29473684211,Oceania,10.445820411256243,Moderate
New Zealand,1,35020.40206185567,Oceania,10.463686086695002,Moderate
New Zealand,1,37115.43434343435,Oceania,10.521788182121846,Moderate
New Zealand,1,32146.45,Oceania,10.378057303662352,Moderate
New Zealand,1,34458.39166666667,Oceania,10.44750783652223,Moderate
New Zealand,1,36231.416666666664,Oceania,10.497681885157965,Moderate
New Zealand,1,38450.24166666667,Oceania,10.557120260132937,Moderate
New Zealand,1,42249.125,Oceania,10.651338922511693,Moderate
Nicaragua,1,45245.20652173913,Americas,10.719852010295517,Moderate
Nicaragua,1,50466.641304347824,Americas,10.829067828761394,Moderate
Nicaragua,1,54593.836956521736,Americas,10.907676279107813,Moderate
Nicaragua,1,58066.358695652176,Americas,10.96934175096955,Moderate
Nicaragua,1,62363.586956521736,Americas,11.040736841666975,Low
Nicaragua,1,66841.48913043478,Americas,11.110079261492197,Low
Niger,0.2857142857142857,117042.51807228915,Africa,11.670292550092517,Low
Niger,0.42857142857142855,138670.2409638554,Africa,11.83985402642474,Low
Niger,0.42857142857142855,121736.21238938053,Africa,11.709611789270346,Low
Niger,0.42857142857142855,176455.73451327434,Africa,12.080825327942136,Low
Niger,0.42857142857142855,209890.38053097346,Africa,12.254340675939941,Low
Nigeria,0,126555.56741573034,Africa,11.74843675880826,Low
Nigeria,0,140693.1573033708,Africa,11.854336608681542,Low
Nigeria,0,135596.76654411765,Africa,11.817440808659267,Low
Nigeria,0.5,269472.2686567164,Africa,12.504220764803737,Low
Nigeria,0.5,309205.2302771855,Africa,12.641760511067169,Low
Nigeria,0.25,356837.01498929336,Africa,12.785034415869129,Low
Nigeria,0.5,406549.84648187633,Africa,12.915461824023998,Low
Nigeria,0.5,456281.8358208955,Africa,13.030865958586215,Low
Northern Mariana Islands,1,607.7586206896551,Oceania,6.409777797693995,High
Northern Mariana Islands,1,1043.3793103448277,Oceania,6.950220061318307,High
Northern Mariana Islands,1,1494.551724137931,Oceania,7.309581590785802,High
Northern Mariana Islands,1,1661.2413793103449,Oceania,7.415320420735041,High
Northern Mariana Islands,1,2357.103448275862,Oceania,7.765188791780325,High
Northern Mariana Islands,1,2150.137931034483,Oceania,7.673287273033457,High
Northern Mariana Islands,1,1865.2068965517242,Oceania,7.531127262413779,High
Northern Mariana Islands,1,1776.344827586207,Oceania,7.482313064382483,High
Northern Mariana Islands,1,1638.896551724138,Oceania,7.401778460049103,High
North Macedonia,0.75,16654.45,Europe,9.720432726966324,Moderate
North Macedonia,1,17143.775,Europe,9.749390412942233,Moderate
North Macedonia,1,17415.058333333334,Europe,9.765090532397325,Moderate
North Macedonia,1,17095.875,Europe,9.746592485320406,Moderate
North Macedonia,1,16100.536585365853,Europe,9.686607878700773,Moderate
North Macedonia,1,15219.634146341463,Europe,9.630341593435666,Moderate
Norway,1,22856.84,Europe,10.03700569507287,Moderate
Norway,1,23874.14,Europe,10.080551143757752,Moderate
Norway,1,24821.146666666667,Europe,10.119451256993083,Moderate
Norway,1,25835.633333333335,Europe,10.159509954968257,Moderate
Norway,1,25853.967741935485,Europe,10.160219359142005,Moderate
Norway,1,26358.73548387097,Europe,10.17955501644421,Moderate
Norway,1,26789.677419354837,Europe,10.195771921381981,Moderate
Norway,1,25705.696969696968,Europe,10.154467918290354,Moderate
Norway,1,26418.139393939393,Europe,10.181806151445754,Moderate
Norway,1,27217.37575757576,Europe,10.211610862945642,Moderate
Norway,1,28018.933333333334,Europe,10.240635751119758,Moderate
Norway,1,28929.952662721895,Europe,10.272632761699292,Moderate
Norway,1,30708.704142011833,Europe,10.33230141593147,Moderate
Norway,1,31830.023668639053,Europe,10.368165263871182,Moderate
Pakistan,0.25,501225.8625,Asia,13.12481210182998,Low
Pakistan,0.25,248964.78494623656,Asia,12.425066739526528,Low
Pakistan,0.25,358504.86419753084,Asia,12.789697507123714,Low
Pakistan,0.25,457762.7653061224,Asia,13.034106349217549,Low
Pakistan,0.25,450767.07466063346,Asia,13.01870602090415,Low
Pakistan,0.25,487199.28923766816,Asia,13.096428536504979,Low
Pakistan,0.25,526909.7443946188,Asia,13.174784549848003,Low
Palau,0.3333333333333333,344.4848484848485,Oceania,5.842050108310456,High
Palau,0.3333333333333333,383.4848484848485,Oceania,5.949300111512744,High
Palau,0.3333333333333333,876.5,Oceania,6.775936704361289,High
Palau,0.3333333333333333,547.52,Oceania,6.305398990703829,High
Palau,0.6666666666666666,610.36,Oceania,6.4140489470235345,High
Palau,0.6666666666666666,687.8,Oceania,6.533498097998166,High
Palau,1,767.12,Oceania,6.642643242845426,High
Palau,1,683.4137931034483,Oceania,6.527100522537873,High
Palau,1,634.3448275862069,Oceania,6.452592698673341,High
Palau,1,612.7586206896551,Oceania,6.417971091162223,High
Palau,1,613.5172413793103,Oceania,6.419208367063835,High
Panama,0.5,18470.98113207547,Americas,9.823956192089733,Moderate
Panama,1,21245.377358490565,Americas,9.963894614617127,Moderate
Panama,1,31162.738095238095,Americas,10.346978368243478,Moderate
Panama,1,36650.49253731343,Americas,10.509182146168929,Moderate
Panama,1,37841.069444444445,Americas,10.541150285040345,Moderate
Panama,1,42399.56338028169,Americas,10.654893343532162,Moderate
Panama,1,42474.692307692305,Americas,10.656663702433667,Moderate
Panama,1,51106.126760563384,Americas,10.841659666471664,Moderate
Panama,1,55775.140845070426,Americas,10.929083544534128,Moderate
Panama,1,60468.464788732395,Americas,11.009877264963043,Low
Papua New Guinea,0.3333333333333333,41404.07407407407,Oceania,10.631134562558026,Moderate
Papua New Guinea,0.6666666666666666,26655.617021276597,Oceania,10.19075517741425,Moderate
Papua New Guinea,0.6666666666666666,28148.2,Oceania,10.245238688361752,Moderate
Papua New Guinea,0.6666666666666666,28729.467889908257,Oceania,10.265678630740497,Moderate
Papua New Guinea,0.6666666666666666,31916.844036697246,Oceania,10.370889175644894,Moderate
Papua New Guinea,0.6666666666666666,35747.53211009174,Oceania,10.484236513853798,Moderate
Papua New Guinea,0.6666666666666666,42608.05504587156,Oceania,10.659798599966875,Moderate
Papua New Guinea,1,50798.752293577985,Oceania,10.835627072114903,Moderate
Papua New Guinea,1,59962.43119266055,Oceania,11.00147349830348,Low
Papua New Guinea,1,70032.32110091743,Oceania,11.156712144480101,Low
Papua New Guinea,1,78767.98198198198,Oceania,11.274261873250012,Low
Papua New Guinea,1,88430.14414414414,Oceania,11.389968187605138,Low
Paraguay,1,39566.14705882353,Americas,10.585729159378975,Moderate
Paraguay,1,36638.448,Americas,10.508853459812336,Moderate
Paraguay,1,40806.944,Americas,10.616607541988975,Moderate
Paraguay,1,43584.776,Americas,10.682463194049655,Moderate
Paraguay,1,45903.768,Americas,10.734302484182582,Moderate
Paraguay,1,49272.824,Americas,10.805127970721117,Moderate
Paraguay,0.6666666666666666,52829.912,Americas,10.874832824436739,Moderate
Peru,0.8,58809.98265895954,Americas,10.98206689258845,Moderate
Peru,0.4,63918.940217391304,Americas,11.065371000474663,Low
Peru,0.4,72337.2875,Americas,11.18909500825898,Low
Peru,0.8,81867.51666666666,Americas,11.312857569269271,Low
Peru,1,216162.92307692306,Americas,12.283787675849277,Low
Peru,1,223738.6076923077,Americas,12.318233719499231,Low
Peru,1,234289.23076923078,Americas,12.364311660013291,Low
Peru,0.8,252604.45384615383,Americas,12.43958012075478,Low
Philippines,0,181591.8492063492,Asia,12.109516860917099,Low
Philippines,0,221364.2619047619,Asia,12.307564867549598,Low
Philippines,0,264095.23529411765,Asia,12.484065056827959,Low
Philippines,0,282184.984,Asia,12.550318106496107,Low
Philippines,0.6666666666666666,282359.56382978725,Asia,12.55093658677733,Low
Philippines,0.6666666666666666,308827.93684210523,Asia,12.640539562088948,Low
Philippines,1,310764.9193548387,Asia,12.646792019016418,Low
Philippines,1,333268.96202531643,Asia,12.716705136723219,Low
Philippines,1,354687.5443037975,Asia,12.778992524001337,Low
Poland,0.7142857142857143,67956.16964285714,Europe,11.126618212261883,Low
Poland,0.7142857142857143,68508.33392857143,Europe,11.134710680040774,Low
Poland,0.7142857142857143,68317.98392857143,Europe,11.131928318784825,Low
Poland,0.7142857142857143,68079.24821428572,Europe,11.128427720505405,Low
Poland,0.7142857142857143,68027.4125,Europe,11.127666027925192,Low
Poland,0.7142857142857143,68332.70357142857,Europe,11.132143753382094,Low
Poland,0.7142857142857143,68162.52142857143,Europe,11.129650153609054,Low
Portugal,0,36729.208,Europe,10.511327575825993,Moderate
Portugal,1,39054.496,Europe,10.572713283083392,Moderate
Portugal,1,39917.876,Europe,10.594579522597064,Moderate
Portugal,1,39958.096,Europe,10.595586583979657,Moderate
Portugal,1,43616.30869565217,Europe,10.683186412049446,Moderate
Portugal,1,44709.58260869565,Europe,10.707943133659862,Moderate
Portugal,1,45665.19130434783,Europe,10.729091608416201,Moderate
Portugal,1,45994.17391304348,Europe,10.736270013385656,Moderate
Portugal,1,45088.117391304346,Europe,10.716374018299177,Moderate
Portugal,1,45089.21304347826,Europe,10.716398318246153,Moderate
Puerto Rico,0.5,27487.406976744187,Americas,10.221483250655169,Moderate
Puerto Rico,0.5,32777.48717948718,Americas,10.397497192235877,Moderate
Puerto Rico,0.75,35056.692307692305,Americas,10.464721810262231,Moderate
Puerto Rico,0.75,35736.21686746988,Americas,10.48391993161299,Moderate
Puerto Rico,0.75,41201.02564102564,Americas,10.626218429227414,Moderate
Puerto Rico,0.75,43580.91025641026,Americas,10.682374495302286,Moderate
Puerto Rico,0.75,44263.1,Americas,10.697906651821082,Moderate
Puerto Rico,0.75,45043.87804878049,Americas,10.715392361433366,Moderate
Puerto Rico,0.75,46461.78048780488,Americas,10.746385328616455,Moderate
Puerto Rico,0.75,48569.42307692308,Americas,10.790749457091833,Moderate
Puerto Rico,0.75,47626.10256410256,Americas,10.771136263113307,Moderate
Puerto Rico,0.75,45151.42307692308,Americas,10.71777707721715,Moderate
Puerto Rico,0.75,41997.5,Americas,10.645365371684369,Moderate
Romania,0.6,45424.81188118812,Europe,10.723813751950086,Moderate
Romania,0.8,59004.486979166664,Europe,10.985368770490515,Moderate
Romania,1,45362.67901234568,Europe,10.722444997776327,Moderate
Romania,1,45231.10447761194,Europe,10.719540281311751,Moderate
Romania,1,43381.261146496814,Europe,10.677782856030591,Moderate
Romania,1,36260.983576642335,Europe,10.49849760960676,Moderate
Romania,0.8,35387.71715328467,Europe,10.474120065841728,Moderate
Senegal,0.4,49841.3,Africa,10.816599236588262,Moderate
Senegal,0.4,93628.93333333333,Africa,11.447094731508043,Low
Senegal,0.2,50541.652,Africa,10.830553067388587,Moderate
Senegal,0.6,97288.87333333334,Africa,11.485439907404253,Low
Senegal,0.8,111928.12666666666,Africa,11.625612218092371,Low
Serbia,0.7777777777777778,26533.120689655174,Europe,10.186149068923275,Moderate
Serbia,0.7777777777777778,30156.532,Europe,10.31415682877301,Moderate
Serbia,0.7777777777777778,29583.456,Europe,10.29497056513983,Moderate
Serbia,0.7777777777777778,28709.012,Europe,10.264966359426483,Moderate
Serbia,0.6666666666666666,27631.248,Europe,10.226702585192736,Moderate
Seychelles,0.4,3447.8571428571427,Africa,8.14550819903928,Moderate
Seychelles,0,3875.1428571428573,Africa,8.262337807467347,Moderate
Seychelles,0,3222,Africa,8.07775756373692,Moderate
Seychelles,0,3880.3548387096776,Africa,8.263681881711413,Moderate
Sierra Leone,0,33360.35135135135,Africa,10.41512338853207,Moderate
Sierra Leone,0,49122.42857142857,Africa,10.802071003199574,Moderate
Sierra Leone,0.5,50183.17741935484,Africa,10.823435138349295,Moderate
Sierra Leone,0.5,56755.282258064515,Africa,10.946504010449287,Moderate
Sierra Leone,1,63810.95161290323,Africa,11.063680109976442,Low
Sint Maarten,1,88.54545454545455,Americas,4.483516030844164,High
Sint Maarten,1,123.4090909090909,Americas,4.81550477900972,High
Sint Maarten,1,194.63636363636363,Americas,5.271133015791312,High
Sint Maarten,0.5,291.54545454545456,Americas,5.6751959268947845,High
Sint Maarten,0.5,413.3636363636364,Americas,6.02432768102664,High
Sint Maarten,1,564.0909090909091,Americas,6.335215424840337,High
Sint Maarten,1,876.8636363636364,Americas,6.7763514915295735,High
Sint Maarten,1,1275.5,Americas,7.1510935375818665,High
Sint Maarten,1,1444.1818181818182,Americas,7.275298224394707,High
Sint Maarten,1,1398.7727272727273,Americas,7.2433505077677545,High
Sint Maarten,1,1457.1363636363637,Americas,7.284228393879134,High
Sint Maarten,1,1536.090909090909,Americas,7.336996097562279,High
Sint Maarten,1,2498.0666666666666,Americas,7.823272378346484,High
Sint Maarten,1,2733.866666666667,Americas,7.913472247501642,High
Slovak Republic,1,35107.18666666667,Europe,10.466161136833959,Moderate
Slovak Republic,1,35695.21333333333,Europe,10.482771878479378,Moderate
Slovak Republic,1,35866.66,Europe,10.487563452168088,Moderate
Slovak Republic,1,35844.63333333333,Europe,10.48694913700696,Moderate
Slovak Republic,1,35945.67333333333,Europe,10.489764003565053,Moderate
Slovak Republic,1,36135.18666666667,Europe,10.495022369517123,Moderate
Slovak Republic,1,36366.82666666667,Europe,10.501412282776737,Moderate
Slovenia,1,15293.038461538461,Europe,9.635153001321648,Moderate
Slovenia,1,15283.2,Europe,9.63450946487812,Moderate
Slovenia,1,15360.876923076923,Europe,9.639579096418169,Moderate
Slovenia,1,15727.784615384615,Europe,9.663184147950899,Moderate
Slovenia,1,15845.746153846154,Europe,9.670656361823866,Moderate
Slovenia,0.75,16172.453846153847,Europe,9.691064694066725,Moderate
Solomon Islands,1,6791.5,Oceania,8.823427109262546,Moderate
Solomon Islands,0.75,6083.151515151515,Oceania,8.713278181975577,Moderate
Solomon Islands,0.75,7216.212121212121,Oceania,8.884085457265524,Moderate
Solomon Islands,0.75,7433.026315789473,Oceania,8.913688365118524,Moderate
Solomon Islands,0.75,8721.973684210527,Oceania,9.073600831224407,Moderate
Solomon Islands,1,8185.808510638298,Oceania,9.010157264479489,Moderate
Solomon Islands,0.75,8809.38,Oceania,9.08357234187947,Moderate
Solomon Islands,0.75,9661.6,Oceania,9.175914544961165,Moderate
Solomon Islands,0.75,10659.36,Oceania,9.27419365839406,Moderate
Solomon Islands,0.75,12788.3,Oceania,9.456285969397838,Moderate
Solomon Islands,0.75,14889.96,Oceania,9.608442439307757,Moderate
Somalia,0,87161.54545454546,Africa,11.37551852013754,Low
Somalia,0.3333333333333333,26649.38211382114,Africa,10.190521244102738,Moderate
Spain,0.75,180469.0625,Europe,12.103314643172638,Low
Spain,0.75,151973.70472440944,Europe,11.931462789628863,Low
Spain,0.75,153877.87007874015,Europe,11.943914515327366,Low
Spain,0.75,156456.0078125,Europe,11.960530149206651,Low
Spain,0.75,67355.95073891626,Europe,11.117746533375877,Low
Spain,0.75,72182.07717569786,Europe,11.186947055500884,Low
Spain,0.75,76287.41205211726,Europe,11.242263224004205,Low
Spain,0.75,75785.20454545454,Europe,11.235658361885069,Low
Spain,0.75,77401.76785714286,Europe,11.25676489984854,Low
Sri Lanka,1,68986.648,Asia,11.141668257608076,Low
Sri Lanka,1,53377.839779005524,Asia,10.885150953406129,Moderate
Sri Lanka,1,60314.723756906074,Asia,11.007331527982466,Low
Sri Lanka,1,67884.58563535912,Asia,11.125564272095286,Low
Sri Lanka,1,89728.37086092716,Asia,11.404542284113987,Low
Sri Lanka,1,72677.5911111111,Asia,11.19378837819517,Low
Sri Lanka,1,78062.52444444444,Asia,11.265265380007286,Low
Sri Lanka,1,85746.90666666666,Asia,11.359155290519395,Low
Sri Lanka,1,89851.21777777778,Asia,11.405910445573145,Low
Sri Lanka,1,92795.9511111111,Asia,11.438158287554264,Low
Sri Lanka,1,96577.64888888889,Asia,11.478102615466787,Low
Sri Lanka,1,100274.69777777778,Asia,11.515668676699807,Low
Sudan,0,48855.04761904762,Africa,10.796612981079589,Moderate
Sudan,0.125,47623.333333333336,Africa,10.771078116191093,Moderate
Suriname,0.5,10723.57142857143,Americas,9.280199534791093,Moderate
Suriname,1,12567.52380952381,Americas,9.43887129009637,Moderate
Suriname,0,8888.888888888889,Americas,9.0925573363198,Moderate
Suriname,0,9729.28205128205,Americas,9.1828953853335,Moderate
Suriname,0,10030,Americas,9.21333588095598,Moderate
Suriname,0.5,8088.098039215686,Americas,8.99814888219159,Moderate
Suriname,1,8423.64705882353,Americas,9.038798155835384,Moderate
Suriname,0.5,9345.941176470587,Americas,9.142697429261384,Moderate
Suriname,0.5,10182.607843137255,Americas,9.228436430493957,Moderate
Suriname,0.5,10782.803921568628,Americas,9.285707914683414,Moderate
Suriname,1,11404.450980392157,Americas,9.341758995058449,Moderate
Sweden,1,19111.39210526316,Europe,9.858039881533655,Moderate
Sweden,1,19593.1832460733,Europe,9.88293699115671,Moderate
Sweden,1,20190.618798955613,Europe,9.912973359621548,Moderate
Sweden,1,20944.739583333332,Europe,9.949642799946634,Moderate
Sweden,1,23407.545714285716,Europe,10.060813715787138,Moderate
Sweden,1,23812.232091690545,Europe,10.077954681063112,Moderate
Sweden,1,23926.200573065904,Europe,10.082729395754557,Moderate
Sweden,1,24523.114613180514,Europe,10.107371405359402,Moderate
Sweden,1,25290.263610315185,Europe,10.138174763109694,Moderate
Sweden,1,25421.492836676218,Europe,10.143350269874961,Moderate
Sweden,1,25873.269340974213,Europe,10.160965642957766,Moderate
Sweden,1,26871.724928366762,Europe,10.19882989487351,Moderate
Sweden,1,28078.74212034384,Europe,10.242768060852313,Moderate
Sweden,1,29666.72206303725,Europe,10.297781227337815,Moderate
Switzerland,1,20842.133333333335,Europe,9.944731857870616,Moderate
Switzerland,1,22199.083333333332,Europe,10.00780627571657,Moderate
Switzerland,1,24001.717213114753,Europe,10.085880657316913,Moderate
Switzerland,1,25331.647540983606,Europe,10.139809783951321,Moderate
Switzerland,1,25977.868852459018,Europe,10.165000256546564,Moderate
Switzerland,1,25690.43089430894,Europe,10.153873862805188,Moderate
Switzerland,1,26304.70325203252,Europe,10.177503033053283,Moderate
Switzerland,1,27289.32113821138,Europe,10.21425073754876,Moderate
Switzerland,1,28619.825203252032,Europe,10.261854945588368,Moderate
Switzerland,1,29203.280487804877,Europe,10.282036327418863,Moderate
Switzerland,1,30210.662601626016,Europe,10.315950207328736,Moderate
Switzerland,1,31812.00406504065,Europe,10.367598983860265,Moderate
Switzerland,1,33674.528455284555,Europe,10.424496998367891,Moderate
Switzerland,1,35124.31707317073,Europe,10.466648963690329,Moderate
Taiwan,0.6666666666666666,99257.2,Asia,11.505469739998846,Low
Taiwan,0.6666666666666666,101444.13777777778,Asia,11.527263559235221,Low
Taiwan,0.6666666666666666,205522.55752212388,Asia,12.23331107585836,Low
Taiwan,0.6666666666666666,208223.4867256637,Asia,12.246367237281222,Low
Taiwan,0.6666666666666666,209411.14159292035,Asia,12.252054783228145,Low
Thailand,0,110948.52303523035,Asia,11.61682161628683,Low
Thailand,0,86787.11406844106,Asia,11.371213434195136,Low
Thailand,0,88660.94003527336,Asia,11.392574710941611,Low
Thailand,0,88430.25686591276,Asia,11.389969462302787,Low
Thailand,0,164161.75555555554,Asia,12.008607535081065,Low
Thailand,0,106252.63912310287,Asia,11.57357492528386,Low
Thailand,0,94310.6,Asia,11.45434886951536,Low
Thailand,0.25,108856.26507936508,Asia,11.597783622005572,Low
Timor-Leste,1,14589.4,Asia,9.58805051661364,Moderate
Timor-Leste,1,16687.36923076923,Asia,9.722407378753502,Moderate
Timor-Leste,1,18540.476923076923,Asia,9.827711562795296,Moderate
Timor-Leste,1,20400.815384615384,Asia,9.923330148867622,Moderate
Tonga,0.3333333333333333,4080.576923076923,Oceania,8.313993660116719,Moderate
Tonga,0.3333333333333333,4065.5384615384614,Oceania,8.31030147607257,Moderate
Trinidad &Tobago,0.6666666666666666,41179.666666666664,Americas,10.625699886004742,Moderate
Trinidad &Tobago,1,35205.958333333336,Americas,10.468970618094831,Moderate
Trinidad &Tobago,1,18204.41176470588,Americas,9.809419248343795,Moderate
Trinidad &Tobago,1,16524.516666666666,Americas,9.712600415678926,Moderate
Trinidad &Tobago,1,17557.816666666666,Americas,9.773254523847557,Moderate
Trinidad &Tobago,0.6666666666666666,16742.44776119403,Americas,9.72570255564758,Moderate
Trinidad &Tobago,1,17721.880597014926,Americas,9.782555347027555,Moderate
Trinidad &Tobago,1,18689.671641791047,Americas,9.835726331637764,Moderate
Trinidad &Tobago,1,19330.880597014926,Americas,9.869459127140676,Moderate
Trinidad &Tobago,0.6666666666666666,19698.119402985074,Americas,9.888278448391906,Moderate
Trinidad &Tobago,1,20179.611940298506,Americas,9.912428063806871,Moderate
Trinidad &Tobago,1,19259.083333333332,Americas,9.865738089896176,Moderate
Trinidad &Tobago,1,19849.833333333332,Americas,9.895950889774461,Moderate
Trinidad &Tobago,0.6666666666666666,20569.777777777777,Americas,9.931578179369287,Moderate
Tunisia,0.5,52544.995391705066,Africa,10.869425136597819,Moderate
Tunisia,0.5,55179.986175115206,Africa,10.918355597229658,Moderate
Turkey,0.125,53908.7,Asia,10.895047153890445,Moderate
Turkey,0,61064.10833333333,Asia,11.019679547571672,Low
Turkey,0.125,68421.87666666666,Asia,11.133447886782545,Low
Turkey,0.125,75681.35833333334,Asia,11.23428715194383,Low
Turkey,0.25,126717.7875,Asia,11.749717747142041,Low
Turkey,0.375,124479.17333333334,Asia,11.731893698430442,Low
Turkey,0.375,135610.00666666665,Asia,11.817538447242573,Low
Turkey,0.5,118956.29272727272,Asia,11.686511416620794,Low
Turkey,0.625,126053.74,Asia,11.744463602941467,Low
Turkey,0.625,133357.7618181818,Asia,11.800790734276804,Low
Turkey,0.625,145480.41090909092,Asia,11.887796723602648,Low
Turks and Caicos,0.6,504.26666666666665,Americas,6.223105228676138,High
Turks and Caicos,0.6,634.7333333333333,Americas,6.453204963183481,High
Turks and Caicos,0.6,687.5294117647059,Americas,6.53310460937432,High
Turks and Caicos,0.6,885.4117647058823,Americas,6.786052807657112,High
Turks and Caicos,0.6,1101.764705882353,Americas,7.004668451381918,High
Turks and Caicos,0.6,1411.0588235294117,Americas,7.252095640232184,High
Turks and Caicos,0.6,1926.578947368421,Americas,7.563501142914302,High
Turks and Caicos,0.6,2336.1052631578946,Americas,7.756240404216234,High
Tuvalu,0.5,188.76666666666668,Oceania,5.24051168445165,High
Tuvalu,0.25,197.32258064516128,Oceania,5.2848398547574185,High
Tuvalu,0.25,613.8333333333334,Oceania,6.41972344721701,High
Tuvalu,0.25,670.5,Oceania,6.508023702721733,High
Tuvalu,0.25,733.1666666666666,Oceania,6.597373052120664,High
Tuvalu,0.5,773.3333333333334,Oceania,6.650710175992246,High
Tuvalu,0.25,795.3333333333334,Oceania,6.678761313989752,High
Tuvalu,0.25,662.6666666666666,Oceania,6.49627209854841,High
Tuvalu,0.25,707.6,Oceania,6.56187896228563,High
Tuvalu,0.5,730.8666666666667,Oceania,6.59423104457233,High
Tuvalu,0.5,693.2666666666667,Oceania,6.541414725558023,High
Ukraine,0.5714285714285714,117769.43891402715,Europe,11.676484084572119,Low
Ukraine,0.7142857142857143,114812.30888888889,Europe,11.651053977406407,Low
Ukraine,0.7142857142857143,110125.91111111111,Europe,11.609379636630917,Low
Ukraine,0.7142857142857143,105745.68,Europe,11.568792245010266,Low
Ukraine,0.7142857142857143,103235.56222222222,Europe,11.54476866784689,Low
Ukraine,0.7142857142857143,101744.21333333333,Europe,11.530217230270729,Low
Ukraine,0.5714285714285714,99288.92,Europe,11.50578926274016,Low
United Kingdom,1,33981.90371845949,Europe,10.433583418331688,Moderate
United Kingdom,1,33939.63049095607,Europe,10.43233865160332,Moderate
United Kingdom,1,32648.06006006006,Europe,10.393540716708431,Moderate
United Kingdom,1,32590.047423887587,Europe,10.391762226997397,Moderate
United Kingdom,1,31691.174182638108,Europe,10.363793504148697,Moderate
United Kingdom,1,31026.51764057332,Europe,10.342597525575002,Moderate
United Kingdom,1,31085.34541460736,Europe,10.34449177858017,Moderate
United Kingdom,1,31076.848320693392,Europe,10.344218393956615,Moderate
United Kingdom,1,31299.588266953713,Europe,10.3513602220313,Moderate
United Kingdom,1,44138.518684603885,Europe,10.695088119768753,Moderate
United Kingdom,1,43375.88260558339,Europe,10.677658865297662,Moderate
United Kingdom,1,43998.9406424581,Europe,10.691920836302788,Moderate
United Kingdom,1,44843.696844993145,Europe,10.710938319037297,Moderate
United Kingdom,1,46707.25450762829,Europe,10.751654774368316,Moderate
United States,0.5,312994.39548022597,Americas,12.653940563548005,Low
United States,0.5,335706.80633147113,Americas,12.723993457804209,Low
United States,0.5,365707.98878504673,Americas,12.80959044908631,Low
United States,0.5,388404.3719626168,Americas,12.869802271676368,Low
United States,0.5,409587.4785046729,Americas,12.92290578218321,Low
United States,0.5,429642.3457943925,Americas,12.97070838760396,Low
United States,0.5,451757.8373831776,Americas,13.020901557242949,Low
United States,0.5,473595.11588785046,Americas,13.068108049761953,Low
United States,0.5,501319.2429906542,Americas,13.124998388692111,Low
United States,1,526138.5626168224,Americas,13.17331988405722,Low
United States,1,552741.4280373831,Americas,13.222645590752105,Low
United States,1,581425.7757009346,Americas,13.273238599975134,Low
United States,1,609582.2373831776,Americas,13.320529144779094,Low
United States,1,634460.1102803738,Americas,13.360529696201873,Low
Uruguay,1,18207.953846153847,Americas,9.809613802111436,Moderate
Uruguay,1,19461.207692307693,Americas,9.876178414056255,Moderate
Uruguay,0.5,20624.376923076925,Americas,9.934229000956346,Moderate
Uruguay,0,21634.162790697676,Americas,9.982028954923765,Moderate
Uruguay,1,23387.883720930233,Americas,10.059973377542576,Moderate
Uruguay,1,24065.13953488372,Americas,10.088519579970296,Moderate
Uruguay,1,24534.153846153848,Americas,10.107821460305646,Moderate
Uruguay,1,25319.42635658915,Americas,10.139327220258542,Moderate
Uruguay,1,25471.093023255813,Americas,10.145299481197036,Moderate
Uruguay,1,25725.42635658915,Americas,10.155235134193253,Moderate
Uruguay,1,26108.658914728683,Americas,10.170022297475882,Moderate
Uruguay,1,26348.58914728682,Americas,10.179170009738577,Moderate
Vanuatu,0.6666666666666666,2965.641025641026,Oceania,7.994848485582563,High
Vanuatu,0.6666666666666666,3342.4615384615386,Oceania,8.114462802092104,Moderate
Vanuatu,0.6666666666666666,3218.7608695652175,Oceania,8.076751741358645,Moderate
Vanuatu,1,3633.413043478261,Oceania,8.197927717880477,Moderate
Vanuatu,0.6666666666666666,3582.326923076923,Oceania,8.183767846763308,Moderate
Vanuatu,0.6666666666666666,4053.076923076923,Oceania,8.307231605741794,Moderate
Vanuatu,0.6666666666666666,4581.692307692308,Oceania,8.42982370835624,Moderate
Vanuatu,0.6666666666666666,5117.326923076923,Oceania,8.540387496363012,Moderate
Vanuatu,0.6666666666666666,5747.2692307692305,Oceania,8.65648010459493,Moderate
Venezuela,1,42722.98429319372,Americas,10.662492328244602,Moderate
Venezuela,0.5,42910.57522123894,Americas,10.66687358319143,Moderate
Venezuela,0.5,42811.240601503756,Americas,10.664555977964692,Moderate
Venezuela,0.5,53505.63562753036,Americas,10.887542266168696,Moderate
Venezuela,0.5,62791.02057613169,Americas,11.047567357776536,Low
Venezuela,0.75,71563.25409836066,Americas,11.17833701029419,Low
Venezuela,0.75,80271.2955465587,Americas,11.293167370855333,Low
Venezuela,1,87722.61264822134,Americas,11.381934986039743,Low
Venezuela,0.75,162338.20606060605,Americas,11.99743712974657,Low
Venezuela,0.75,172533.53892215568,Americas,12.05834692508901,Low
Venezuela,1,185296.8,Americas,12.129714142831297,Low
Zambia,0.2857142857142857,55256.37106918239,Africa,10.919738926201276,Moderate
Zambia,0.2857142857142857,103138.92452830188,Africa,11.543832140250817,Low
Zambia,0.2857142857142857,119870.40880503145,Africa,11.69416651159853,Low
